City_ID,City,Country,Lat,Lng,Max Temp,Humidity,Cloudiness,Wind Speed,Current Description
0,Lata,PT,40.1629,-8.3327,19.4,85,7,0.97,clear sky
1,Sunndalsora,NO,62.6754,8.5515,10.03,80,82,0.08,broken clouds
2,Bluff,NZ,-46.6,168.3333,9.89,90,100,9.78,overcast clouds
3,Vaini,TO,-21.2,-175.2,21.09,94,90,3.09,moderate rain
4,Marsh Harbour,BS,26.5412,-77.0636,26.04,77,66,5.5,broken clouds
5,Chernyshevskiy,RU,63.0128,112.4714,14.45,53,60,1.99,broken clouds
6,Albany,US,42.6001,-73.9662,8.98,93,100,2.5,moderate rain
7,Miri,MY,4.4148,114.0089,24.08,100,20,1.53,few clouds
8,Bredasdorp,ZA,-34.5322,20.0403,7.62,93,83,1.56,broken clouds
9,Busselton,AU,-33.65,115.3333,11.16,67,92,5.95,overcast clouds
10,Canton,CN,23.1167,113.25,28.97,79,100,1.62,light rain
11,Kodinsk,RU,58.6881,99.1844,5.05,91,97,0.22,overcast clouds
12,Carnarvon,AU,-24.8667,113.6333,12.04,100,47,3.09,scattered clouds
13,Talnakh,RU,69.4865,88.3972,2.36,98,100,6.57,moderate rain
14,Hithadhoo,MV,-0.6,73.0833,28.62,72,15,8.34,few clouds
15,Mar Del Plata,AR,-38.0023,-57.5575,10.63,56,0,1.34,clear sky
16,Oussouye,SN,12.485,-16.5469,25.1,77,100,4.33,overcast clouds
17,Hofn,IS,64.2539,-15.2082,7.86,99,100,6.93,overcast clouds
18,Phuket,TH,8.0,98.25,29.49,93,20,3.37,few clouds
19,Lebu,CL,-37.6167,-73.65,12.28,93,100,4.27,overcast clouds
20,Kashan,IR,33.9831,51.4364,28.51,12,0,1.03,clear sky
21,Tiarei,PF,-17.5333,-149.3333,28.89,74,93,7.34,overcast clouds
22,Shubarshi,KZ,48.5872,57.1869,20.72,57,2,1.71,clear sky
23,Envira,BR,-7.3,-70.2167,24.22,90,39,1.26,scattered clouds
24,Mahebourg,MU,-20.4081,57.7,22.36,88,40,2.57,scattered clouds
25,Hirara,JP,24.8,125.2833,26.15,100,75,2.57,broken clouds
26,Barrow,US,71.2906,-156.7887,1.01,75,90,7.2,overcast clouds
27,Yerkoy,TR,39.6381,34.4672,15.48,65,4,1.93,clear sky
28,Jamestown,US,42.097,-79.2353,15.77,51,90,4.12,overcast clouds
29,Ponta Do Sol,PT,32.6667,-17.1,18.4,57,20,2.53,few clouds
30,Mayskiy,RU,47.6931,40.1025,18.02,91,33,2.99,scattered clouds
31,Ketchikan,US,55.3422,-131.6461,13.26,88,90,4.63,moderate rain
32,Punta Arenas,CL,-53.15,-70.9167,1.06,75,75,3.21,broken clouds
33,Kutoarjo,ID,-7.7169,109.9128,23.98,91,83,1.12,broken clouds
34,Meulaboh,ID,4.1363,96.1285,24.05,89,87,2.38,overcast clouds
35,Avarua,CK,-21.2078,-159.775,26.03,57,20,3.6,few clouds
36,Bambous Virieux,MU,-20.3428,57.7575,22.34,88,40,3.7,scattered clouds
37,Kiruna,SE,67.8557,20.2251,3.51,87,75,1.54,broken clouds
38,Illapel,CL,-31.6308,-71.1653,17.54,59,60,0.87,broken clouds
39,Cape Town,ZA,-33.9258,18.4232,13.4,95,0,2.23,clear sky
40,Norman Wells,CA,65.282,-126.8329,11.02,54,75,8.23,broken clouds
41,Powell River,CA,49.8496,-124.5361,17.83,77,75,1.03,broken clouds
42,Lipari,IT,38.4674,14.954,19.31,72,2,0.76,clear sky
43,Bengkulu,ID,-3.8004,102.2655,23.43,89,68,1.46,broken clouds
44,Newport,GB,51.5877,-2.9984,14.06,80,99,3.27,overcast clouds
45,Mataura,NZ,-46.1927,168.8643,9.71,98,100,1.55,light rain
46,Royan,FR,45.6285,-1.0281,18.02,81,20,4.07,few clouds
47,Santa Cruz,BO,-17.8,-63.1667,19.7,68,90,6.69,overcast clouds
48,El Alto,PE,-4.2714,-81.2147,20.12,81,39,7.25,scattered clouds
49,Lavrentiya,RU,65.5833,-171.0,3.19,75,17,5.73,few clouds
50,Tripoli,LY,32.8752,13.1875,21.45,69,15,3.91,few clouds
51,Marawi,PH,7.9986,124.2928,19.8,94,100,1.27,overcast clouds
52,Chokurdakh,RU,70.6333,147.9167,17.31,28,14,5.62,few clouds
53,Port Alfred,ZA,-33.5906,26.891,14.01,67,97,5.39,overcast clouds
54,Hobart,AU,-42.8794,147.3294,5.06,90,20,1.93,few clouds
55,Leningradskiy,RU,69.3833,178.4167,3.58,87,57,1.45,broken clouds
56,Rikitea,PF,-23.1203,-134.9692,24.0,68,94,5.39,overcast clouds
57,Hilo,US,19.7297,-155.09,31.27,72,40,8.23,scattered clouds
58,Lagoa,PT,39.05,-27.9833,17.13,86,81,4.07,broken clouds
59,Ushuaia,AR,-54.8,-68.3,-2.19,100,75,2.57,light snow
60,Vincennes,FR,48.85,2.4333,17.16,56,0,2.61,clear sky
61,Touros,BR,-5.1989,-35.4608,25.5,86,63,4.33,broken clouds
62,East London,ZA,-33.0153,27.9116,13.78,64,85,3.92,overcast clouds
63,Upernavik,GL,72.7868,-56.1549,-0.17,93,100,2.21,overcast clouds
64,Ulaangom,MN,49.9811,92.0667,8.49,47,25,1.9,scattered clouds
65,Saint-Philippe,RE,-21.3585,55.7679,21.79,81,31,2.64,scattered clouds
66,Juneau,US,58.3019,-134.4197,11.0,94,90,1.79,light rain
67,Airai,TL,-8.9266,125.4092,16.02,79,100,0.83,overcast clouds
68,Dennery,LC,13.8996,-60.8879,29.07,70,75,8.08,broken clouds
69,Saskylakh,RU,71.9167,114.0833,3.51,82,63,1.51,broken clouds
70,Nikolskoye,RU,59.7035,30.7861,4.11,67,10,1.13,clear sky
71,Arraial Do Cabo,BR,-22.9661,-42.0278,23.92,83,75,2.57,broken clouds
72,Lompoc,US,34.6391,-120.4579,28.9,69,1,6.17,clear sky
73,Mount Gambier,AU,-37.8333,140.7667,2.95,87,48,3.09,scattered clouds
74,Bilibino,RU,68.0546,166.4372,13.2,35,63,1.09,broken clouds
75,Dubove,UA,48.1721,23.8895,9.9,96,100,0.97,overcast clouds
76,Soyo,AO,-6.1349,12.3689,25.27,89,71,3.95,broken clouds
77,Loudi,CN,27.7344,111.9944,21.18,93,33,0.7,scattered clouds
78,Lisakovsk,KZ,52.5369,62.4936,18.44,83,47,4.67,scattered clouds
79,Morondava,MG,-20.2833,44.2833,19.7,81,0,4.26,clear sky
80,Pacific Grove,US,36.6177,-121.9166,33.37,77,1,2.24,clear sky
81,Pevek,RU,69.7008,170.3133,3.84,68,7,1.37,clear sky
82,Abonnema,NG,4.7084,6.7931,25.6,91,95,2.64,overcast clouds
83,Kavieng,PG,-2.5744,150.7967,27.97,79,100,4.63,moderate rain
84,Oistins,BB,13.0667,-59.5333,27.05,65,40,9.77,scattered clouds
85,Kapaa,US,22.0752,-159.319,29.18,61,20,3.87,few clouds
86,Tasiilaq,GL,65.6145,-37.6368,4.09,94,100,3.65,overcast clouds
87,Tucurui,BR,-3.7661,-49.6725,27.19,66,75,1.33,broken clouds
88,Sibolga,ID,1.7427,98.7792,24.08,89,73,1.45,light rain
89,Vardo,NO,70.3705,31.1107,5.81,91,100,7.96,overcast clouds
90,Pringsewu,ID,-5.3582,104.9744,22.58,97,74,1.38,broken clouds
91,Palmares Do Sul,BR,-30.2578,-50.5097,10.46,52,5,1.48,clear sky
92,Shar,KZ,49.5886,81.0453,11.27,70,32,1.75,scattered clouds
93,Phan Thiet,VN,10.9333,108.1,26.53,85,11,3.13,few clouds
94,Anadia,BR,-9.6844,-36.3042,22.85,96,49,1.51,scattered clouds
95,Mogok,MM,22.9167,96.5,18.69,99,65,1.1,broken clouds
96,Gilgit,PK,35.9221,74.3087,21.16,56,100,1.16,overcast clouds
97,Xuanhua,CN,40.6103,115.0447,16.3,52,100,3.47,overcast clouds
98,Cidreira,BR,-30.1811,-50.2056,10.57,56,23,3.09,few clouds
99,Qaanaaq,GL,77.484,-69.3632,-0.55,95,100,0.71,overcast clouds
100,Richards Bay,ZA,-28.783,32.0377,17.66,69,99,1.7,light rain
101,Kupang,ID,-10.1667,123.5833,23.32,83,20,2.57,few clouds
102,Yellowknife,CA,62.456,-114.3525,10.72,61,75,0.89,broken clouds
103,Impfondo,CG,1.6381,18.0667,23.78,80,69,0.35,light rain
104,Gushikawa,JP,26.3544,127.8686,24.0,90,75,9.5,broken clouds
105,Castro,BR,-24.7911,-50.0119,13.46,99,100,0.94,overcast clouds
106,Honningsvag,NO,70.9821,25.9704,5.61,94,100,11.32,overcast clouds
107,Manokwari,ID,-0.8667,134.0833,27.65,77,100,3.29,overcast clouds
108,Pangnirtung,CA,66.1451,-65.7125,1.35,99,100,2.18,light rain
109,Tuktoyaktuk,CA,69.4541,-133.0374,8.0,46,20,3.6,few clouds
110,Port Elizabeth,ZA,-33.918,25.5701,15.16,67,0,4.63,clear sky
111,Nago,JP,26.5881,127.9761,24.47,90,100,8.82,overcast clouds
112,Hovd,MN,48.0056,91.6419,8.73,36,16,0.68,few clouds
113,Strezhevoy,RU,60.7333,77.5889,15.99,71,91,4.42,overcast clouds
114,Kikwit,CD,-5.041,18.8162,23.21,50,100,1.07,overcast clouds
115,Fairbanks,US,64.8378,-147.7164,20.33,38,1,2.57,clear sky
116,Hermanus,ZA,-34.4187,19.2345,13.28,74,98,2.72,overcast clouds
117,Umm Lajj,SA,25.0213,37.2685,31.06,41,80,3.42,broken clouds
118,Cherskiy,RU,68.75,161.3,16.31,29,0,2.55,clear sky
119,Christchurch,NZ,-43.5333,172.6333,10.56,96,75,3.58,moderate rain
120,Evensk,RU,61.95,159.2333,5.9,68,100,1.57,overcast clouds
121,Port Shepstone,ZA,-30.7414,30.455,15.85,70,51,1.69,light rain
122,Ishigaki,JP,24.3448,124.1572,26.07,94,75,1.03,broken clouds
123,Kralendijk,BQ,12.15,-68.2667,28.99,70,75,8.23,broken clouds
124,Amga,RU,60.8953,131.9608,12.53,89,100,1.32,overcast clouds
125,Longyearbyen,SJ,78.2186,15.6401,1.91,75,90,1.54,overcast clouds
126,Sitka,US,57.0531,-135.33,13.94,62,90,3.09,overcast clouds
127,Atuona,PF,-9.8,-139.0333,26.41,64,6,3.96,clear sky
128,Hillsboro,US,45.5229,-122.9898,29.6,36,1,3.09,clear sky
129,Salalah,OM,17.0151,54.0924,28.05,89,40,3.6,scattered clouds
130,Erzin,TR,36.9559,36.2,20.56,84,1,0.58,clear sky
131,Sinnamary,GF,5.3833,-52.95,25.44,87,62,3.67,broken clouds
132,Tazovskiy,RU,67.4667,78.7,2.97,87,72,5.3,broken clouds
133,Rocha,UY,-34.4833,-54.3333,5.71,70,27,2.49,scattered clouds
134,Wahiawa,US,21.5028,-158.0236,27.86,59,40,2.06,scattered clouds
135,Imbituba,BR,-28.24,-48.6703,15.94,66,93,2.19,overcast clouds
136,Puerto Ayora,EC,-0.7393,-90.3518,24.19,85,19,2.68,few clouds
137,Grafton,US,42.207,-71.6856,9.1,89,90,0.89,overcast clouds
138,Itoman,JP,26.1247,127.6694,24.43,94,75,6.17,broken clouds
139,Sakaiminato,JP,35.55,133.2333,14.99,82,20,1.03,few clouds
140,Long Xuyen,VN,10.3833,105.4167,25.97,89,10,2.57,clear sky
141,Poso,ID,-1.3959,120.7524,25.74,83,79,1.46,broken clouds
142,Constitucion,CL,-35.3333,-72.4167,12.87,73,100,4.21,overcast clouds
143,Aklavik,CA,68.2191,-135.0107,10.4,50,99,5.7,overcast clouds
144,Olinda,BR,-8.0089,-34.8553,22.85,94,75,3.64,broken clouds
145,Ushtobe,KZ,45.2514,77.9838,16.57,26,16,3.06,few clouds
146,Danville,US,36.586,-79.395,19.68,71,1,1.54,clear sky
147,Silver City,US,32.7701,-108.2803,29.61,8,1,4.92,clear sky
148,Tura,IN,25.5198,90.2201,22.71,96,87,1.74,heavy intensity rain
149,Kondinskoye,RU,59.6481,67.41,10.69,87,83,5.76,broken clouds
150,Tezu,IN,27.9167,96.1667,24.25,71,89,0.75,overcast clouds
151,Puqi,CN,29.7167,113.8833,23.28,87,98,0.99,overcast clouds
152,Bichura,RU,50.5881,107.6022,4.31,59,78,1.77,light rain
153,Provideniya,RU,64.3833,-173.3,10.06,53,0,7.0,clear sky
154,Hospet,IN,15.2667,76.4,25.31,76,100,6.54,overcast clouds
155,Kruisfontein,ZA,-34.0033,24.7314,13.27,77,100,2.36,overcast clouds
156,Matara,LK,5.9485,80.5353,26.49,86,99,6.62,overcast clouds
157,Bilma,NE,18.6853,12.9164,32.05,10,43,2.22,scattered clouds
158,Moerai,PF,-22.4333,-151.3333,23.57,61,45,7.06,scattered clouds
159,Khatanga,RU,71.9667,102.5,5.05,88,82,2.95,broken clouds
160,Williams Lake,CA,52.1415,-122.1445,19.76,37,75,0.89,broken clouds
161,Laguna,US,38.421,-121.4238,38.45,26,1,1.34,clear sky
162,Kerman,IR,30.2832,57.0788,18.92,20,0,1.3,clear sky
163,Mnogovershinnyy,RU,53.9353,139.9242,7.98,70,97,0.96,overcast clouds
164,Ambilobe,MG,-13.2,49.05,20.76,89,3,1.6,clear sky
165,Mitsamiouli,KM,-11.3847,43.2844,25.79,78,7,4.48,light rain
166,Fortuna,US,40.5982,-124.1573,29.55,70,91,1.79,overcast clouds
167,Codrington,AU,-38.2667,141.9667,6.36,60,3,4.77,clear sky
168,Ribeira Grande,PT,38.5167,-28.7,17.83,85,77,3.35,broken clouds
169,Fuerte Olimpo,PY,-21.0415,-57.8738,19.23,84,100,3.4,light rain
170,Grindavik,IS,63.8424,-22.4338,7.97,87,40,7.02,scattered clouds
171,Rosendal,NO,59.9867,6.0135,12.51,81,12,0.72,few clouds
172,Ternate,ID,0.8,127.4,27.21,81,100,3.77,overcast clouds
173,Nanortalik,GL,60.1432,-45.2371,3.03,86,15,8.85,few clouds
174,Hornepayne,CA,49.2138,-84.7705,14.0,52,96,6.05,overcast clouds
175,Narsaq,GL,60.9167,-46.05,10.12,63,1,0.99,clear sky
176,Padang,ID,-0.9492,100.3543,24.15,95,98,2.11,overcast clouds
177,Cascais,PT,38.6979,-9.4215,19.17,69,5,0.89,clear sky
178,Nabire,ID,-3.3667,135.4833,25.82,91,98,0.84,overcast clouds
179,Victoria,HK,22.2855,114.1577,30.21,89,100,0.89,overcast clouds
180,Kukuna,SL,9.4,-12.6667,25.22,90,74,1.9,moderate rain
181,Nemuro,JP,43.3236,145.575,5.31,81,94,8.8,overcast clouds
182,Svetlyy,RU,54.675,20.1347,7.03,88,24,2.64,few clouds
183,Anadyr,RU,64.75,177.4833,13.28,44,0,3.01,clear sky
184,Watsa,CD,3.0372,29.5355,18.17,83,21,1.06,few clouds
185,Garissa,KE,-0.4536,39.6401,23.68,83,90,6.95,overcast clouds
186,Bratsk,RU,56.1325,101.6142,1.27,94,100,1.34,light rain
187,Cabo San Lucas,MX,22.8909,-109.9124,36.56,26,1,5.66,clear sky
188,San Quintin,MX,30.4833,-115.95,17.82,65,64,5.79,broken clouds
189,Roma,US,43.2128,-75.4557,12.08,85,90,0.0,overcast clouds
190,San Rafael Del Sur,NI,11.8485,-86.4384,33.54,43,51,6.33,broken clouds
191,Georgetown,MY,5.4112,100.3354,27.72,91,20,1.34,few clouds
192,Mezen,RU,65.8522,44.24,3.13,76,98,3.45,overcast clouds
193,Tiksi,RU,71.6872,128.8694,1.63,88,74,4.72,broken clouds
194,Qaqortoq,GL,60.7167,-46.0333,10.28,72,0,1.77,clear sky
195,Port Hedland,AU,-20.3167,118.5667,21.03,78,90,2.57,overcast clouds
196,Kahului,US,20.8947,-156.47,29.01,66,40,6.17,scattered clouds
197,Susehri,TR,40.1644,38.0867,13.79,79,1,1.41,clear sky
198,Hasaki,JP,35.7333,140.8333,20.66,65,26,5.62,scattered clouds
199,Kaitangata,NZ,-46.2817,169.8464,10.49,92,100,2.9,overcast clouds
200,Gao,ML,16.6362,1.637,33.36,9,3,3.86,clear sky
201,New Norfolk,AU,-42.7826,147.0587,4.86,87,48,1.23,scattered clouds
202,Oxapampa,PE,-10.5775,-75.4017,15.99,96,82,0.44,broken clouds
203,Kirakira,SB,-10.4544,161.9205,27.27,84,100,3.24,overcast clouds
204,Nome,US,64.5011,-165.4064,13.04,39,40,7.2,scattered clouds
205,Hamilton,US,39.1834,-84.5333,19.41,61,90,0.45,overcast clouds
206,Dauphin,CA,51.1494,-100.0502,13.08,58,90,2.06,overcast clouds
207,Teguldet,RU,57.3064,88.1667,5.48,62,75,1.93,broken clouds
208,Saldanha,ZA,-33.0117,17.9442,10.03,79,89,3.18,overcast clouds
209,Long Beach,US,33.767,-118.1892,30.41,69,1,3.13,clear sky
210,Tizimin,MX,21.15,-88.15,29.28,59,68,5.2,broken clouds
211,Vestmannaeyjar,IS,63.4427,-20.2734,7.39,80,47,6.11,scattered clouds
212,Hastings,GB,50.8552,0.5729,11.85,84,0,5.01,clear sky
213,Bom Jesus Do Galho,BR,-19.8289,-42.3161,20.6,81,94,1.75,overcast clouds
214,San Cristobal,VE,7.7669,-72.225,25.1,86,39,1.77,scattered clouds
215,Svarstad,NO,59.399,9.9698,15.15,40,67,0.95,broken clouds
216,Paamiut,GL,61.994,-49.6678,1.82,90,35,8.29,scattered clouds
217,Lebyazhye,RU,55.2689,66.4947,19.18,69,100,6.95,overcast clouds
218,Dubovskoye,RU,47.4092,42.7575,18.12,98,70,4.92,broken clouds
219,Huangpu,CN,25.4433,113.1747,23.73,98,99,0.29,overcast clouds
220,Chabahar,IR,25.2919,60.643,29.44,78,1,3.45,clear sky
221,Clyde River,CA,70.4692,-68.5914,-1.87,100,90,3.09,overcast clouds
222,Marinette,US,45.1,-87.6307,18.05,32,1,2.06,clear sky
223,Sao Felix Do Xingu,BR,-6.6447,-51.995,23.55,72,28,1.55,scattered clouds
224,Matamoros,MX,25.5333,-103.25,35.62,27,81,7.26,broken clouds
225,Saint George,US,37.1041,-113.5841,36.26,10,1,0.45,clear sky
226,Northam,GB,51.0333,-4.2167,14.61,78,7,2.47,clear sky
227,Arman,RU,59.7,150.1667,2.96,98,100,2.51,light rain
228,Dikson,RU,73.5069,80.5464,-1.0,98,100,2.0,snow
229,La Rioja,ES,42.25,-2.5,15.02,93,13,0.89,few clouds
230,Buala,SB,-8.145,159.5921,28.34,76,71,2.48,broken clouds
231,Suicheng,CN,33.8963,117.9331,25.93,65,61,1.1,broken clouds
232,Brae,GB,60.3964,-1.353,7.95,96,27,3.78,scattered clouds
233,Taoudenni,ML,22.6783,-3.9836,39.97,8,100,2.97,overcast clouds
234,Kloulklubed,PW,7.0419,134.2556,27.28,77,99,10.33,overcast clouds
235,Thompson,CA,55.7435,-97.8558,14.09,47,40,2.06,scattered clouds
236,Kiama,AU,-34.6833,150.8667,14.21,71,0,0.45,clear sky
237,Pasni,PK,25.2631,63.471,28.28,88,0,5.9,clear sky
238,Rock Sound,BS,24.9,-76.2,26.04,79,33,5.28,scattered clouds
239,Dukhovshchina,RU,55.1919,32.4111,4.71,78,100,2.46,overcast clouds
240,Severo-Kurilsk,RU,50.6789,156.125,3.88,97,100,9.42,moderate rain
241,Isangel,VU,-19.55,169.2667,25.06,73,75,3.94,broken clouds
242,Axim,GH,4.8699,-2.2405,26.11,87,91,3.26,moderate rain
243,Butembo,CD,0.15,29.2833,15.32,88,75,1.64,broken clouds
244,Husavik,IS,66.0449,-17.3389,11.95,62,89,7.87,overcast clouds
245,Sur,OM,22.5667,59.5289,32.58,39,86,5.8,overcast clouds
246,Port Augusta,AU,-32.5,137.7667,4.08,32,100,1.2,overcast clouds
247,Ilulissat,GL,69.2167,-51.1,3.01,75,20,5.66,few clouds
248,Port-Gentil,GA,-0.7193,8.7815,26.98,89,90,6.17,overcast clouds
249,Krasnyy Chikoy,RU,50.3643,108.7512,3.82,64,24,1.76,few clouds
250,Corral Nuevo,MX,18.1146,-95.1154,33.86,44,90,1.06,overcast clouds
251,Butaritari,KI,3.0707,172.7902,28.43,77,80,6.14,broken clouds
252,Ampanihy,MG,-24.7,44.75,17.25,90,3,2.22,clear sky
253,Alofi,NU,-19.0595,-169.9187,28.94,79,68,3.6,light rain
254,Coari,BR,-4.085,-63.1414,25.47,86,59,1.51,broken clouds
255,Jaque,PA,7.5175,-78.1703,26.76,82,34,1.21,light rain
256,Denizli,TR,37.8402,29.0698,17.47,57,77,1.71,broken clouds
257,Yongan,CN,39.6957,113.6871,16.09,50,98,2.47,overcast clouds
258,Roebourne,AU,-20.7833,117.1333,19.12,65,10,4.15,clear sky
259,Bethel,US,41.3712,-73.414,10.11,91,100,0.89,overcast clouds
260,Oranjemund,NA,-28.55,16.4333,12.81,92,0,3.7,clear sky
261,Vanimo,PG,-2.6741,141.3028,26.63,86,98,2.71,overcast clouds
262,Hobyo,SO,5.3505,48.5268,25.76,85,65,9.0,broken clouds
263,Baie-Comeau,CA,49.2168,-68.1489,15.0,58,1,4.49,clear sky
264,Atambua,ID,-9.1061,124.8925,23.04,81,100,1.44,overcast clouds
265,Rio Grande,BR,-32.035,-52.0986,7.06,60,0,3.98,clear sky
266,Staicele,LV,57.8364,24.75,7.43,76,12,2.28,few clouds
267,Skjervoy,NO,70.0311,20.9714,6.94,87,100,10.74,overcast clouds
268,Ormara,PK,25.2088,64.6357,28.53,85,0,8.54,clear sky
269,Talcahuano,CL,-36.7167,-73.1167,12.82,88,90,2.57,overcast clouds
270,Katsuura,JP,35.1333,140.3,20.69,68,7,6.52,clear sky
271,Bundaberg,AU,-24.85,152.35,20.12,54,0,2.24,clear sky
272,Tessalit,ML,20.1986,1.0114,34.06,9,97,1.69,overcast clouds
273,Novobeysugskaya,RU,45.472,39.8861,14.49,96,4,3.39,clear sky
274,Tevaitoa,PF,-16.7833,-151.5,26.37,73,78,7.18,broken clouds
275,Aljezur,PT,37.3191,-8.8033,15.62,91,71,2.35,broken clouds
276,Rehoboth,NA,-23.3167,17.0833,13.33,32,2,2.4,clear sky
277,Baykit,RU,61.67,96.37,4.6,80,41,0.79,scattered clouds
278,Channel-Port Aux Basques,CA,47.5702,-59.1367,8.28,73,100,0.69,overcast clouds
279,Kapuskasing,CA,49.4169,-82.4331,23.05,16,75,6.17,broken clouds
280,Naze,JP,28.3667,129.4833,22.51,83,98,7.59,light rain
281,Burns Lake,CA,54.2331,-125.7533,11.68,59,94,3.13,overcast clouds
282,Port Hawkesbury,CA,45.6169,-61.3485,11.16,82,90,2.68,overcast clouds
283,Purranque,CL,-40.9167,-73.1667,11.63,94,100,1.87,heavy intensity rain
284,Coos Bay,US,43.3665,-124.2179,31.03,66,1,7.2,clear sky
285,Aloleng,PH,16.1307,119.7824,28.55,80,37,1.67,scattered clouds
286,Areia Branca,BR,-4.9561,-37.1369,27.01,79,12,7.55,few clouds
287,Karratha,AU,-20.7377,116.8463,18.88,74,7,4.65,clear sky
288,Morehead,US,37.2711,-87.1764,21.84,40,1,2.57,clear sky
289,Milkovo,RU,54.7167,158.6167,8.77,73,99,2.14,overcast clouds
290,Sucua,EC,-2.4667,-78.1667,21.5,99,99,0.34,light rain
291,Faanui,PF,-16.4833,-151.75,26.69,73,99,6.94,overcast clouds
292,Iqaluit,CA,63.7506,-68.5145,3.85,80,90,2.68,overcast clouds
293,Pasinler,TR,39.9803,41.6764,7.55,73,2,0.63,clear sky
294,Srednekolymsk,RU,67.45,153.6833,17.7,26,10,5.13,clear sky
295,Hambantota,LK,6.1241,81.1185,26.64,79,100,8.66,overcast clouds
296,Kodiak,US,57.79,-152.4072,10.73,71,90,4.63,overcast clouds
297,Ahipara,NZ,-35.1667,173.1667,15.14,84,70,9.51,broken clouds
298,Alice,US,27.7523,-98.0697,29.85,61,1,8.13,clear sky
299,Lumberton,US,34.6182,-79.0086,21.17,64,98,3.37,overcast clouds
300,Urumqi,CN,43.801,87.6005,20.53,24,0,0.88,clear sky
301,Liku,ID,-0.7275,119.8922,25.58,87,96,1.35,overcast clouds
302,Gamba,GA,-2.65,10.0,24.51,91,91,3.49,overcast clouds
303,Esperance,AU,-33.8667,121.9,12.91,84,86,11.95,light rain
304,Saint-Georges,GD,12.0564,-61.7485,27.82,78,20,10.29,few clouds
305,Sisimiut,GL,66.9395,-53.6735,1.03,85,98,3.06,overcast clouds
306,Bhag,PK,29.0415,67.8239,35.1,9,1,1.63,clear sky
307,Aksay,RU,47.26,39.87,18.47,88,20,3.13,few clouds
308,Elko,US,41.0002,-115.5012,26.01,14,1,1.25,clear sky
309,Hit,IQ,33.6416,42.8251,29.06,19,65,4.2,broken clouds
310,Kathmandu,NP,27.7167,85.3167,20.12,100,75,1.03,broken clouds
311,San Patricio,US,28.017,-97.5169,29.99,63,35,7.15,scattered clouds
312,Shebunino,RU,46.4339,141.8603,7.2,73,99,5.5,overcast clouds
313,Tuatapere,NZ,-46.1333,167.6833,9.9,95,100,2.7,overcast clouds
314,Yumen,CN,40.2833,97.2,12.65,14,18,4.54,few clouds
315,Khasan,RU,42.4308,130.6434,11.48,94,94,4.33,overcast clouds
316,Umea,SE,63.8284,20.2597,9.96,81,100,0.51,light rain
317,Magadan,RU,59.5667,150.8,1.86,99,100,2.35,light rain
318,Freeport,US,40.6576,-73.5832,11.25,94,90,0.89,moderate rain
319,Yasnogorsk,RU,54.4803,37.6975,8.65,90,100,5.64,overcast clouds
320,Tairua,NZ,-37.0167,175.85,11.72,85,93,3.35,overcast clouds
321,Los Llanos De Aridane,ES,28.6585,-17.9182,18.86,80,90,7.09,overcast clouds
322,Saint Anthony,US,45.0205,-93.218,18.36,79,75,0.89,broken clouds
323,Lorengau,PG,-2.0226,147.2712,27.67,83,100,4.49,overcast clouds
324,Peterhead,GB,57.5058,-1.7981,9.14,93,8,6.64,clear sky
325,Coquimbo,CL,-29.9533,-71.3436,12.85,94,20,1.46,few clouds
326,El Progreso,HN,15.4,-87.8,29.71,88,75,2.8,broken clouds
327,Ahuimanu,US,21.4447,-157.8378,29.88,58,75,3.6,broken clouds
328,Kozmodemyansk,RU,56.3367,46.5711,6.46,81,100,4.51,light rain
329,Hearst,CA,49.6835,-83.6665,19.14,32,98,4.82,overcast clouds
330,Ilo,PE,-17.6394,-71.3375,17.92,88,100,3.86,overcast clouds
331,Catalina,US,32.5056,-110.9211,36.05,9,0,0.89,clear sky
332,Scottsbluff,US,41.8666,-103.6672,18.13,56,75,1.34,broken clouds
333,Jalu,LY,29.0331,21.5482,28.6,22,0,5.15,clear sky
334,Ponta Delgada,PT,37.7333,-25.6667,16.4,77,20,2.06,few clouds
335,Amapa,BR,1.0,-52.0,22.79,99,41,1.14,scattered clouds
336,Sao Joao Da Barra,BR,-21.6403,-41.0511,23.18,92,51,2.26,broken clouds
337,Aberdeen,GB,57.1437,-2.0981,9.19,95,5,2.57,clear sky
338,Santander De Quilichao,CO,3.0095,-76.4849,28.34,92,94,0.23,overcast clouds
339,Ocampo,MX,21.65,-101.5,19.94,57,84,7.14,broken clouds
340,Mushabani,IN,22.5167,86.45,28.21,87,72,1.63,broken clouds
341,Stephenville,US,32.2207,-98.2023,25.19,76,75,5.14,broken clouds
342,Havre,FR,49.5833,0.3333,14.24,87,0,3.41,clear sky
343,Vallenar,CL,-28.5708,-70.7581,18.71,50,0,0.58,clear sky
344,Quatre Cocos,MU,-20.2078,57.7625,22.27,83,40,3.62,scattered clouds
345,Altay,CN,47.8667,88.1167,14.04,24,1,2.37,clear sky
346,Qasigiannguit,GL,68.8193,-51.1922,3.14,85,41,4.53,scattered clouds
347,Beinamar,TD,8.6698,15.3813,30.18,37,99,2.29,light rain
348,Oktyabrskoye,RU,43.0645,44.7417,12.08,93,7,1.73,clear sky
349,Vouliagmeni,GR,37.8167,23.7833,21.36,70,40,0.45,scattered clouds
350,Shuyskoye,RU,59.3736,41.0305,0.27,80,3,1.96,clear sky
351,Bechem,GH,7.0903,-2.025,22.84,99,94,1.43,overcast clouds
352,Semporna,MY,4.4818,118.6112,25.11,81,96,0.35,overcast clouds
353,Baruun-Urt,MN,46.6806,113.2792,4.7,90,100,6.74,overcast clouds
354,Saint-Pierre,RE,-21.3393,55.4781,21.83,46,0,5.14,clear sky
355,Artvin,TR,41.1667,41.8333,11.6,78,0,1.6,clear sky
356,Tra Vinh,VN,9.9347,106.3453,25.85,90,6,1.99,clear sky
357,Tanout,NE,14.9709,8.8879,30.05,9,0,4.65,clear sky
358,Guerrero Negro,MX,27.9769,-114.0611,19.25,60,3,8.93,clear sky
359,Manadhoo,MV,5.7667,73.3833,28.65,71,55,9.21,broken clouds
360,Asau,RO,46.4333,26.4,11.51,93,82,0.85,broken clouds
361,Sault Sainte Marie,CA,46.5168,-84.3333,20.16,26,1,3.6,clear sky
362,Litovko,RU,49.2361,135.1742,12.41,55,100,2.94,overcast clouds
363,Bani Walid,LY,31.7566,13.9942,19.49,61,14,2.81,few clouds
364,Kutum,SD,14.2,24.6667,29.35,20,92,2.62,overcast clouds
365,Olafsvik,IS,64.8945,-23.7142,6.28,78,91,5.93,overcast clouds
366,Makakilo City,US,21.3469,-158.0858,29.23,61,40,3.6,scattered clouds
367,Puerto Del Rosario,ES,28.5004,-13.8627,19.86,77,70,6.69,broken clouds
368,Ariquemes,BR,-9.9133,-63.0408,24.33,71,19,1.21,few clouds
369,Kongolo,CD,-5.3833,27.0,21.06,55,35,1.79,scattered clouds
370,Kokoda,PG,-8.8785,147.7407,26.22,83,92,0.95,overcast clouds
371,Luderitz,NA,-26.6481,15.1594,14.25,67,1,7.35,clear sky
372,Cayenne,GF,4.9333,-52.3333,26.72,86,0,0.89,clear sky
373,Vao,NC,-22.6667,167.4833,20.83,59,92,6.0,overcast clouds
374,Gorontalo,ID,0.5412,123.0595,25.33,88,93,0.53,moderate rain
375,Sola,VU,-13.8833,167.55,25.37,89,90,2.57,overcast clouds
376,Livny,RU,52.4253,37.6069,6.85,92,100,5.35,overcast clouds
377,Thinadhoo,MV,0.5333,72.9333,28.35,73,17,8.79,few clouds
378,Mackay,AU,-21.15,149.2,21.49,82,68,5.14,broken clouds
379,Dunedin,NZ,-45.8742,170.5036,11.0,87,100,3.58,light rain
380,Agadez,NE,19.75,10.25,31.76,9,99,2.93,overcast clouds
381,Kazanka,UA,47.8462,32.8218,13.17,88,95,2.24,overcast clouds
382,Voyinka,UA,45.8699,33.9914,15.39,80,92,1.95,overcast clouds
383,Peniche,PT,39.3558,-9.3811,17.83,90,9,2.22,clear sky
384,Bandarbeyla,SO,9.4942,50.8122,26.02,83,89,10.35,overcast clouds
385,Agadir,MA,30.4202,-9.5982,19.25,60,100,2.13,overcast clouds
386,Tygda,RU,53.1167,126.3333,11.41,88,88,2.33,overcast clouds
387,Devils Lake,US,48.1128,-98.8651,22.99,21,20,9.39,few clouds
388,Chuy,UY,-33.6971,-53.4616,7.09,72,4,3.05,clear sky
389,Mananjary,MG,-21.2167,48.3333,21.28,91,5,3.23,clear sky
390,Kailua,US,21.4022,-157.7394,30.59,54,75,3.6,broken clouds
391,Marilandia,BR,-19.4128,-40.5417,22.28,87,96,1.39,light rain
392,Glinka,RU,54.6404,32.8781,5.41,66,97,3.5,overcast clouds
393,Padilla,CO,3.2204,-76.3139,28.76,93,84,0.47,broken clouds
394,Tateyama,JP,34.9833,139.8667,22.86,66,13,5.66,few clouds
395,Dukat,RU,62.55,155.55,4.63,57,100,2.49,overcast clouds
396,Bac Lieu,VN,9.285,105.7244,27.39,85,6,3.48,clear sky
397,Nouadhibou,MR,20.931,-17.0347,18.99,88,0,8.75,clear sky
398,Inyonga,TZ,-6.7167,32.0667,16.78,72,16,2.08,few clouds
399,Udachnyy,RU,66.4167,112.4,14.48,35,13,2.83,few clouds
400,Ankazoabo,MG,-22.2833,44.5167,14.54,94,0,2.35,clear sky
401,Cabedelo,BR,-6.9811,-34.8339,25.37,86,75,3.45,broken clouds
402,Pangoa,PE,-12.1167,-73.0,23.2,75,77,0.95,broken clouds
403,Inhambane,MZ,-23.865,35.3833,20.7,79,37,5.06,scattered clouds
404,Tamandare,BR,-8.7597,-35.1047,24.22,88,85,2.69,overcast clouds
405,Port Pirie,AU,-33.1833,138.0167,4.05,35,100,2.26,overcast clouds
406,Flinders,AU,-34.5833,150.8552,14.1,70,0,1.69,clear sky
407,Bhigvan,IN,18.3167,74.7667,27.23,68,97,4.36,overcast clouds
408,Salym,RU,60.0625,71.4789,13.77,80,63,0.84,broken clouds
409,Latung,PH,5.5,120.8833,28.77,77,100,3.86,light rain
410,Namibe,AO,-15.1961,12.1522,22.05,64,14,1.58,few clouds
411,Chongoyape,PE,-6.6406,-79.3892,18.54,70,67,2.69,broken clouds
412,Ivdel,RU,60.6911,60.4206,4.18,77,100,4.01,overcast clouds
413,Sayyan,YE,15.1718,44.3244,18.74,18,9,3.85,clear sky
414,Winnemucca,US,40.973,-117.7357,28.03,10,1,3.6,clear sky
415,Carutapera,BR,-1.195,-46.02,25.03,91,16,2.7,few clouds
416,Sao Jose De Ribamar,BR,-2.5619,-44.0542,28.21,83,39,3.53,scattered clouds
417,Shenjiamen,CN,29.9576,122.298,20.37,74,98,2.93,overcast clouds
418,Asyut,EG,27.181,31.1837,30.1,14,0,1.96,clear sky
419,Shelburne,CA,44.0787,-80.2041,18.27,59,5,1.24,clear sky
420,Gravdal,NO,68.1214,13.5031,7.94,81,75,4.63,broken clouds
421,Tevriz,RU,57.509,72.4042,13.03,62,2,2.45,clear sky
422,Chodavaram,IN,17.8333,82.95,29.91,75,50,1.32,scattered clouds
423,Ngaoundere,CM,7.3167,13.5833,19.71,91,76,1.8,broken clouds
424,Kotma,IN,23.2,81.9667,27.26,57,30,0.86,scattered clouds
425,Wilmington,US,34.2257,-77.9447,17.19,81,90,4.12,overcast clouds
426,Mocuba,MZ,-16.8392,36.9856,16.5,89,0,1.05,clear sky
427,Souillac,MU,-20.5167,57.5167,22.42,88,40,3.28,scattered clouds
428,Bayangol,RU,50.6977,103.4656,0.3,83,98,0.47,overcast clouds
429,Broken Hill,AU,-31.95,141.4333,2.84,56,18,2.06,few clouds
430,Salamiyah,SY,35.0113,37.0532,19.41,45,0,2.44,clear sky
431,Lamu,KE,-2.2717,40.902,25.12,81,37,6.2,scattered clouds
432,Kousseri,CM,12.0769,15.0306,32.98,27,10,2.57,clear sky
433,Pacifica,US,37.6138,-122.4869,34.28,70,20,2.24,few clouds
434,Estevan,CA,49.1334,-102.9842,21.19,21,1,10.8,clear sky
435,Blythe,US,33.6103,-114.5964,38.91,8,1,3.43,clear sky
436,Shache,CN,38.4167,77.2406,24.89,26,100,3.43,overcast clouds
437,Grootfontein,NA,-19.5667,18.1167,11.76,47,100,2.06,overcast clouds
438,Pachino,IT,36.7186,15.0907,18.67,77,5,3.58,clear sky
439,Syracuse,IT,37.0881,15.2792,19.65,81,8,3.85,clear sky
440,Korla,CN,41.7597,86.1469,22.67,24,11,2.84,few clouds
441,Bukama,CD,-9.2,25.85,16.85,44,6,1.52,clear sky
442,Bereda,ES,43.2686,-7.5406,13.1,99,6,1.63,clear sky
443,Wuchi,CN,29.3786,103.023,14.19,88,100,1.58,overcast clouds
444,Fergus Falls,US,46.283,-96.0776,23.99,32,40,7.2,scattered clouds
445,Kudahuvadhoo,MV,2.6708,72.8944,28.65,68,33,9.5,scattered clouds
446,Nalut,LY,30.3333,10.85,26.58,31,40,6.58,scattered clouds
447,Dori,BF,14.0354,-0.0345,35.08,16,5,3.28,clear sky
448,Queimadas,BR,-10.9783,-39.6264,23.19,55,32,4.06,scattered clouds
449,Camalu,MX,30.85,-116.0667,19.68,65,58,5.36,broken clouds
450,Boffa,GN,10.1667,-14.0333,25.67,83,100,0.52,overcast clouds
451,Texarkana,US,33.4251,-94.0477,23.75,57,1,1.34,clear sky
452,Vostok,RU,46.4856,135.8833,6.61,92,100,1.1,light rain
453,Havelock,US,34.8791,-76.9013,16.13,89,90,1.34,overcast clouds
454,Rafraf,TN,37.1904,10.1837,19.17,74,60,4.42,broken clouds
455,Deputatskiy,RU,69.3,139.9,12.26,48,30,6.29,scattered clouds
456,Oakdale,US,44.963,-92.9649,17.51,85,90,4.63,overcast clouds
457,Tual,ID,-5.6667,132.75,27.51,77,100,7.75,overcast clouds
458,Seymchan,RU,62.8833,152.4333,10.9,50,100,3.69,overcast clouds
459,Ricardo Palma,PE,-11.9181,-76.6664,12.27,69,56,0.85,broken clouds
460,Praia,CV,14.9215,-23.5087,23.3,73,0,7.2,clear sky
461,Iskateley,RU,67.6803,53.1512,-0.29,80,56,3.56,broken clouds
462,Port Macquarie,AU,-31.4333,152.9167,14.65,72,87,3.99,overcast clouds
463,Trincomalee,LK,8.5711,81.2335,27.39,81,99,9.56,overcast clouds
464,Chitral,PK,35.8462,71.7858,19.14,46,0,3.44,clear sky
465,Sambava,MG,-14.2667,50.1667,22.15,90,29,3.09,light rain
466,Hami,CN,42.8,93.45,19.35,12,0,2.92,clear sky
467,Mangrol,IN,21.1167,70.1167,28.06,78,77,5.3,broken clouds
468,Khandbari,NP,27.3747,87.2039,20.41,84,16,1.32,few clouds
469,Kulhudhuffushi,MV,6.6221,73.07,28.37,74,77,8.87,broken clouds
470,Cocobeach,GA,1.0002,9.5823,27.96,87,100,6.97,light rain
471,Phek,IN,25.6667,94.5,14.18,98,27,0.55,scattered clouds
472,Nhulunbuy,AU,-12.2333,136.7667,24.34,88,75,4.63,broken clouds
473,Kasongo,CD,-4.45,26.6667,21.52,58,88,1.11,overcast clouds
474,Kotka,FI,60.4664,26.9458,7.59,69,36,3.31,scattered clouds
475,Xuddur,SO,4.1213,43.8894,21.65,81,71,4.94,broken clouds
476,Elizabeth City,US,36.2946,-76.2511,15.57,91,100,4.45,overcast clouds
477,Bonthe,SL,7.5264,-12.505,26.06,86,100,2.9,light rain
478,Grand Gaube,MU,-20.0064,57.6608,22.43,83,33,1.34,scattered clouds
479,Polson,US,47.6936,-114.1632,22.49,32,16,0.33,few clouds
480,Caravelas,BR,-17.7125,-39.2481,24.0,86,14,2.88,few clouds
481,Kortkeros,RU,61.8106,51.5806,1.0,80,5,2.0,clear sky
482,Ouro Preto Do Oeste,BR,-10.7481,-62.2158,23.88,71,54,1.58,broken clouds
483,Atbasar,KZ,51.8,68.3333,18.5,75,97,3.04,overcast clouds
484,Arona,ES,28.0996,-16.681,17.68,77,20,0.45,few clouds
485,Hay River,CA,60.8156,-115.7999,6.99,70,75,4.63,broken clouds
486,Itarema,BR,-2.9248,-39.9167,25.88,79,1,5.61,clear sky
487,Gariaband,IN,20.635,82.0614,28.63,50,38,2.41,scattered clouds
488,Kozhva,RU,65.1073,57.0459,1.41,82,80,3.05,broken clouds
489,Lafia,NG,8.4833,8.5167,27.8,66,44,1.87,scattered clouds
490,Guliston,UZ,40.4897,68.7842,26.14,27,3,1.11,clear sky
491,Berea,US,41.3662,-81.8543,18.2,43,1,6.69,clear sky
492,Alekseyevka,RU,50.6309,38.6903,11.78,95,100,3.43,overcast clouds
493,Barceloneta,PR,18.4505,-66.5385,28.9,79,15,7.11,few clouds
494,Rio Gallegos,AR,-51.6226,-69.2181,1.03,75,75,4.12,broken clouds
495,Jackson,US,42.4165,-122.8345,32.44,25,1,2.06,clear sky
496,Iquique,CL,-20.2208,-70.1431,17.02,84,83,2.38,broken clouds
497,Panama City,PA,8.9936,-79.5197,28.29,82,40,2.57,scattered clouds
498,Torbay,CA,47.6666,-52.7314,13.43,50,40,2.57,scattered clouds
499,Medicine Hat,CA,50.0501,-110.6683,24.84,21,40,1.34,scattered clouds
500,Bathsheba,BB,13.2167,-59.5167,27.34,65,40,7.86,scattered clouds
501,Ancud,CL,-41.8697,-73.8203,13.46,95,100,6.71,light rain
502,College,US,64.8569,-147.8028,20.32,38,75,2.06,broken clouds
503,Moron,AR,-34.6534,-58.6198,13.32,63,9,2.25,clear sky
504,Ixtapa,MX,20.7,-105.2,28.46,70,12,2.24,few clouds
505,Verkhnevilyuysk,RU,63.4453,120.3167,15.96,36,6,2.44,clear sky
506,Primo Tapia,MX,32.22,-116.9172,24.47,66,6,3.68,clear sky
507,Geraldton,AU,-28.7667,114.6,13.23,100,75,6.87,broken clouds
508,Dhamtari,IN,20.7072,81.5497,29.43,49,35,3.33,scattered clouds
509,Hutchinson,US,38.0608,-97.9298,17.42,88,90,0.45,overcast clouds
510,Parrita,CR,9.5201,-84.3225,29.87,78,100,1.39,light rain
511,Beni,CD,0.5,29.4667,17.62,85,51,1.15,broken clouds
512,Porto Novo,BJ,6.4965,2.6036,27.9,80,75,4.08,broken clouds
513,Broome,US,42.2506,-75.833,9.8,88,90,1.34,light rain
514,Chapais,CA,49.7834,-74.8492,18.88,35,8,3.96,clear sky
515,Alekseyevsk,RU,57.8406,108.3492,4.22,94,100,1.22,overcast clouds
516,Canora,CA,51.6333,-102.4343,18.01,39,56,3.32,broken clouds
517,Yemelyanovo,RU,56.1681,92.6767,0.45,86,0,0.78,clear sky
518,Jumla,NP,29.2747,82.1838,13.51,84,63,0.69,broken clouds
519,Gimli,CA,50.6336,-96.9907,16.79,76,85,3.09,overcast clouds
520,Deventer,NL,52.25,6.15,14.41,88,1,1.34,clear sky
521,Kremenchuk,UA,49.0973,33.4197,10.68,93,94,2.73,overcast clouds
522,Kerouane,GN,9.2667,-9.0167,21.37,97,100,0.86,light rain
523,Sechura,PE,-5.5569,-80.8222,22.94,69,11,7.58,few clouds
524,Willowmore,ZA,-33.2926,23.4895,7.59,75,78,2.51,broken clouds
525,Adre,TD,13.4667,22.2,30.28,15,68,2.31,broken clouds
526,Cairns,AU,-16.9167,145.7667,22.81,90,40,5.14,light rain
527,Poum,NC,-20.2333,164.0167,22.66,61,75,8.41,broken clouds
528,Tema,GH,5.667,-0.0166,29.23,79,20,4.63,few clouds
529,Svatove,UA,49.4103,38.1503,12.86,97,63,2.23,broken clouds
530,Coahuayana,MX,18.7333,-103.6833,31.75,43,88,2.96,overcast clouds
531,Llanes,ES,43.4198,-4.7549,16.68,86,53,2.01,broken clouds
532,Gallup,US,35.5281,-108.7426,28.42,5,1,2.68,clear sky
533,Kaeo,NZ,-35.1,173.7833,14.62,93,84,7.67,broken clouds
534,Uhlove,UA,44.8215,33.6045,14.76,75,68,3.26,broken clouds
535,Tempio Pausania,IT,40.8974,9.1035,11.51,85,11,0.42,few clouds
536,Samarai,PG,-10.6167,150.6667,26.84,75,99,6.89,overcast clouds
537,Dong Hoi,VN,17.4833,106.6,28.95,73,93,3.45,overcast clouds
538,Kuala Terengganu,MY,5.3302,103.1408,25.97,94,20,1.54,few clouds
539,Wuda,CN,39.4994,106.7117,21.52,20,100,8.03,overcast clouds
540,Vila Velha,BR,-20.3297,-40.2925,24.97,88,0,2.24,clear sky
541,Houma,US,29.5958,-90.7195,28.89,61,40,3.09,scattered clouds
542,Gat,IL,31.61,34.7642,24.67,40,11,0.97,few clouds
543,Wasilla,US,61.5814,-149.4394,15.36,54,75,0.0,broken clouds
544,Vung Tau,VN,10.346,107.0843,27.58,83,44,4.34,scattered clouds
545,Sakakah,SA,29.9697,40.2064,29.76,14,83,4.33,broken clouds
546,Komsomolskiy,UZ,40.4272,71.7189,23.68,52,41,0.0,scattered clouds
547,Kochubey,RU,44.3861,46.5825,18.59,77,52,4.7,broken clouds
548,Mega,ET,4.05,38.3,14.5,73,40,2.75,scattered clouds
549,Cochrane,CA,51.1834,-114.4687,23.01,26,1,4.93,clear sky
550,Da Lat,VN,11.9465,108.4419,16.96,96,6,0.93,clear sky
551,San Lorenzo,PY,-25.3333,-57.5333,15.52,41,0,3.58,clear sky
552,Manta,EC,-0.95,-80.7333,23.93,85,88,5.19,overcast clouds
553,Dongsheng,CN,39.8161,109.9776,19.96,27,100,5.94,overcast clouds
554,Kasongo-Lunda,CD,-6.4667,16.8167,21.34,53,39,0.98,scattered clouds
555,Bogashevo,RU,56.3683,85.1447,8.32,87,0,0.0,clear sky
556,Raiganj,IN,25.6167,88.1167,27.07,82,44,1.97,scattered clouds
557,Lae,PG,-6.7221,146.9847,25.37,71,89,1.28,overcast clouds
558,Gwanda,ZW,-20.9333,29.0,13.74,38,24,2.06,few clouds
559,Joura,IN,26.3411,77.8115,33.17,34,46,0.97,scattered clouds
560,Hanko,FI,59.8333,22.95,8.8,61,47,3.94,scattered clouds
561,Andenes,NO,69.3143,16.1194,7.82,93,90,9.26,overcast clouds
562,Saint-Francois,FR,46.4154,3.9054,10.93,79,0,1.54,clear sky
563,Lasa,IT,46.6166,10.7002,13.49,82,20,0.91,few clouds
564,Sal Rei,CV,16.1833,-22.9167,22.31,89,66,7.37,broken clouds
565,Berlevag,NO,70.8578,29.0864,5.7,94,100,9.91,overcast clouds
566,Klaksvik,FO,62.2266,-6.589,11.51,94,13,9.17,few clouds
567,Pangai,TO,-19.8,-174.35,28.06,78,40,2.06,scattered clouds
568,Quakenbruck,DE,52.6833,7.95,12.13,85,0,2.83,clear sky
569,Tsiroanomandidy,MG,-18.7667,46.0333,16.17,80,22,1.33,few clouds
570,Netrakona,BD,24.8833,90.7167,25.08,89,58,2.45,broken clouds
571,Launceston,AU,-41.45,147.1667,3.97,93,90,0.86,overcast clouds
572,Beringovskiy,RU,63.05,179.3167,3.59,74,40,5.53,scattered clouds
573,High Level,CA,58.5169,-117.136,22.06,30,75,2.78,broken clouds
574,Dumai,ID,1.6833,101.45,23.19,98,96,0.98,overcast clouds
575,Gari,RU,59.4307,62.3497,6.39,91,100,4.96,light rain
576,Nueva Loja,EC,0.0847,-76.8828,23.13,96,72,0.92,broken clouds
577,Sorland,NO,67.667,12.6934,8.04,93,100,5.26,overcast clouds
578,Dickinson,US,29.4608,-95.0513,29.0,73,75,0.89,broken clouds
579,Puerto Escondido,MX,15.85,-97.0667,29.67,73,93,3.31,overcast clouds
580,Praia Da Vitoria,PT,38.7333,-27.0667,18.14,82,20,3.73,few clouds
581,Vila Do Maio,CV,15.1333,-23.2167,23.44,85,99,7.69,overcast clouds
582,Stromness,GB,58.965,-3.296,9.14,93,0,5.86,clear sky
583,Sterling,US,39.0062,-77.4286,13.48,82,90,0.89,overcast clouds
584,Vila Praia De Ancora,PT,41.811,-8.8526,20.62,86,14,2.39,few clouds
585,Moranbah,AU,-22.0016,148.0466,17.39,68,1,7.37,clear sky
586,Half Moon Bay,US,37.4636,-122.4286,34.28,53,20,5.25,few clouds
587,Pelym,RU,61.0108,61.9978,5.86,80,99,3.26,overcast clouds
588,Salinopolis,BR,-0.6136,-47.3561,26.24,86,49,4.55,scattered clouds
589,Saryozek,KZ,44.3583,77.9753,15.15,35,75,1.04,broken clouds
590,Nokaneng,BW,-19.6667,22.2667,14.36,33,59,2.45,broken clouds
591,Zalantun,CN,48.0,122.7167,13.96,69,81,0.95,broken clouds
592,Almaznyy,RU,48.0448,40.045,14.08,93,43,3.38,scattered clouds
593,Haines Junction,CA,60.7522,-137.5108,10.47,65,99,3.07,overcast clouds
594,Honiara,SB,-9.4333,159.95,28.81,74,91,1.11,overcast clouds
595,Vokhtoga,RU,58.8147,41.0461,0.81,77,23,2.27,few clouds
596,Humberto De Campos,BR,-2.5983,-43.4611,24.54,91,6,1.82,clear sky
597,The Valley,AI,18.217,-63.0578,27.92,83,20,1.54,few clouds
598,Sabana De Torres,CO,7.3915,-73.4957,30.34,82,33,0.84,scattered clouds
599,Imeni Babushkina,RU,59.7573,43.1285,-0.42,85,4,1.86,clear sky
600,Chumikan,RU,54.7183,135.315,3.6,89,100,0.26,overcast clouds
601,La Ligua,CL,-32.4524,-71.2311,19.88,62,80,0.61,broken clouds
602,Neya,RU,58.2972,43.8681,2.19,71,37,2.86,scattered clouds
603,Rognan,NO,67.0953,15.3878,7.64,91,100,1.08,overcast clouds
604,Cankuzo,BI,-3.1333,30.5833,17.18,76,97,0.89,overcast clouds
605,Methven,NZ,-43.6333,171.65,8.03,97,100,2.24,light rain
606,Gizo,SB,-8.103,156.8419,28.07,74,88,1.72,overcast clouds
607,Conceicao Do Araguaia,BR,-8.2578,-49.2647,29.07,51,0,0.66,clear sky
608,Auki,SB,-8.7676,160.7034,28.14,75,57,1.1,broken clouds
609,Vaitape,PF,-16.5167,-151.75,26.67,73,98,6.95,overcast clouds
610,El Dorado,US,38.7666,-120.5177,34.09,27,17,5.03,few clouds
611,Valer,NO,60.6785,11.8331,14.6,75,27,0.78,scattered clouds
612,Lebanon,US,36.2081,-86.2911,23.03,51,1,2.57,clear sky
613,Karpathos,GR,35.507,27.2132,19.9,78,7,3.85,clear sky
614,Creel,MX,27.75,-107.6333,23.48,12,100,7.12,overcast clouds
615,Kuruman,ZA,-27.4524,23.4325,7.64,39,54,2.41,broken clouds
616,Kampot,KH,10.6167,104.1833,27.03,88,17,2.55,few clouds
617,Goderich,CA,43.7501,-81.7165,14.18,44,5,4.12,clear sky
618,Sala,MA,34.0389,-6.8166,19.38,94,75,1.54,broken clouds
619,Darnah,LY,32.767,22.6367,20.13,83,0,4.07,clear sky
620,Juegang,CN,32.3174,121.1855,21.93,74,95,4.8,overcast clouds
621,Yenagoa,NG,4.9247,6.2642,24.98,95,77,2.02,broken clouds
622,Bambanglipuro,ID,-7.95,110.2833,15.34,89,62,1.68,broken clouds
623,Piacabucu,BR,-10.4056,-36.4344,24.21,87,52,3.66,broken clouds
624,Marsa Matruh,EG,31.3525,27.2453,23.11,73,0,5.14,clear sky
625,Mount Isa,AU,-20.7333,139.5,17.87,45,3,2.57,clear sky
626,Pavlovka,RU,52.6897,47.1405,11.45,96,100,4.48,light rain
627,Santa Catarina De Tepehuanes,MX,25.35,-105.7333,29.75,14,94,9.62,overcast clouds
628,Maragogi,BR,-9.0122,-35.2225,24.01,89,48,2.77,scattered clouds
629,Khorramshahr,IR,30.4397,48.1664,33.98,26,0,3.09,clear sky
630,Ziarat,PK,30.3823,67.7282,18.78,17,9,2.96,clear sky
631,Wanaka,NZ,-44.7,169.15,9.03,91,100,2.83,overcast clouds
632,Wuhan,CN,30.5833,114.2667,23.05,77,100,2.26,overcast clouds
633,Puri,IN,19.8,85.85,31.32,90,52,7.26,broken clouds
634,Tomatlan,MX,19.9333,-105.25,31.48,34,52,4.27,broken clouds
635,Kemijarvi,FI,66.7131,27.4306,7.7,73,100,2.05,overcast clouds
636,Maruko,JP,36.3167,138.2667,18.26,63,4,0.56,clear sky
637,Vadso,NO,70.0744,29.7487,6.49,89,90,8.24,overcast clouds
638,Vila Franca Do Campo,PT,37.7167,-25.4333,16.23,82,70,3.13,broken clouds
639,Topolevo,RU,48.4994,135.1975,13.1,54,0,4.0,clear sky
640,Ban Nahin,LA,18.2418,104.2122,26.59,88,100,1.08,overcast clouds
641,Saint-Augustin,CA,51.226,-58.6502,12.5,51,2,6.08,clear sky
642,Kidal,ML,18.4411,1.4078,34.1,8,72,2.48,broken clouds
643,Oleksandrivka,UA,48.9634,32.2349,11.1,97,98,3.16,overcast clouds
644,Sztum,PL,53.9208,19.0307,7.97,92,20,2.46,few clouds
645,Jibuti,DJ,11.5,42.5,28.68,31,23,1.33,few clouds
646,Ossora,RU,59.2353,163.0719,5.73,70,62,4.02,broken clouds
647,Sioux Lookout,CA,50.1001,-91.917,15.04,51,90,7.2,overcast clouds
648,Batemans Bay,AU,-35.7167,150.1833,7.17,63,3,1.16,clear sky
649,Vizinga,RU,61.0749,50.1031,-0.51,80,2,2.02,clear sky
650,Ust-Kuyga,RU,70.0167,135.6,15.06,44,99,2.28,overcast clouds
651,Kaniama,CD,-7.5667,24.1833,17.54,41,17,2.36,few clouds
652,Navlya,RU,52.8281,34.4989,9.08,94,100,3.8,overcast clouds
653,Abreus,CU,22.2775,-80.5675,30.17,71,73,0.81,moderate rain
654,Santa Luzia,BR,-19.7697,-43.8514,24.5,70,40,1.78,scattered clouds
655,Bhalki,IN,18.0333,77.2167,27.08,65,77,4.51,broken clouds
656,Umba,RU,66.6871,34.3429,4.79,80,98,2.67,overcast clouds
657,Port Lincoln,AU,-34.7333,135.8667,13.26,39,100,6.54,overcast clouds
658,Garowe,SO,8.4054,48.4845,24.02,75,57,9.66,broken clouds
659,Diamantino,BR,-14.4086,-56.4461,24.74,48,97,0.96,overcast clouds
660,Dhone,IN,15.4167,77.8833,26.58,65,79,7.15,broken clouds
661,Carapegua,PY,-25.8,-57.2333,14.81,39,15,3.28,few clouds
662,Itaituba,BR,-4.2761,-55.9836,26.65,62,45,0.69,scattered clouds
663,Sorong,ID,-0.8833,131.25,26.05,89,100,5.44,overcast clouds
664,Kuala Selangor,MY,3.35,101.25,28.11,83,33,3.46,scattered clouds
665,Kenai,US,60.5544,-151.2583,16.68,47,40,5.08,scattered clouds
666,Vestmanna,FO,62.1564,-7.1664,9.51,93,75,8.02,broken clouds
667,La Ronge,CA,55.1001,-105.2842,21.12,28,40,3.6,scattered clouds
668,Manavalakurichi,IN,8.1333,77.3,27.05,85,83,6.99,broken clouds
669,Cap Malheureux,MU,-19.9842,57.6142,22.48,83,28,1.34,scattered clouds
670,Chapleau,CA,47.8405,-83.4034,20.05,18,75,5.66,broken clouds
671,Calatayud,ES,41.3535,-1.6432,19.32,80,79,1.75,light rain
672,Custodia,BR,-8.0875,-37.6431,22.32,79,97,4.55,overcast clouds
673,Tecoanapa,MX,16.5167,-98.75,31.15,62,58,4.46,broken clouds
674,Riberalta,BO,-10.9833,-66.1,25.11,88,75,0.95,light rain
675,Yorkton,CA,51.2167,-102.4677,17.91,29,1,6.69,clear sky
676,Nyimba,ZM,-14.5566,30.8149,14.86,46,1,1.82,clear sky
677,Riyadh,SA,24.6877,46.7219,34.03,12,0,0.0,clear sky
678,Dingle,PH,10.9995,122.6711,27.23,83,80,1.13,broken clouds
679,Mozarlandia,BR,-14.7447,-50.5706,26.19,41,81,0.61,broken clouds
680,Rorvik,NO,64.8621,11.2373,9.16,82,100,0.65,overcast clouds
681,Kavaratti,IN,10.5669,72.642,28.09,77,92,7.61,overcast clouds
682,Xochihuehuetlan,MX,17.9167,-98.4333,31.54,32,27,2.77,scattered clouds
683,Hualmay,PE,-11.0964,-77.6139,18.85,86,56,4.19,broken clouds
684,Biasca,CH,46.3597,8.9697,18.33,87,47,0.52,scattered clouds
685,Mundo Nuevo,MX,18.7,-95.5,29.76,66,63,6.05,broken clouds
686,Plattsburgh,US,44.6995,-73.4529,12.42,80,100,1.1,overcast clouds
687,Ulaanbaatar,MN,47.9077,106.8832,2.07,75,40,2.58,scattered clouds
688,Mandera,KE,3.9366,41.867,26.04,63,66,5.95,broken clouds
689,Mampong,GH,7.0627,-1.4001,23.11,93,87,3.56,overcast clouds
690,Pandan,PH,14.0453,124.1694,28.18,76,98,1.34,overcast clouds
691,Rio Brilhante,BR,-21.8019,-54.5464,19.05,97,100,1.91,overcast clouds
692,Cabadiangan,PH,9.7531,122.4739,27.39,80,74,1.41,broken clouds
693,Burnie,AU,-41.0667,145.9167,8.29,83,37,1.36,scattered clouds
694,Rawson,AR,-43.3002,-65.1023,11.16,71,90,8.11,overcast clouds
695,Sistranda,NO,63.7256,8.834,7.98,89,100,3.22,overcast clouds
696,Kajiado,KE,-1.8524,36.7768,15.4,83,98,4.12,overcast clouds
697,Marsaxlokk,MT,35.8419,14.5431,20.04,88,0,2.57,clear sky
698,Tupik,RU,54.4253,119.9327,9.64,92,100,1.77,light rain
699,Romans-Sur-Isere,FR,45.0464,5.0562,16.58,72,66,0.61,broken clouds
700,Namuac,PH,18.6109,121.1657,28.1,77,41,1.66,scattered clouds
701,Bouar,CF,5.934,15.596,20.28,84,64,0.17,light rain
702,Halifax,CA,44.6453,-63.5724,11.94,82,75,3.58,broken clouds
703,Arroyo,ES,41.6096,-4.7969,19.22,72,0,2.93,clear sky
704,Bud,US,39.447,-86.1758,21.58,43,1,1.73,clear sky
705,Horsham,GB,51.064,-0.3272,11.73,87,0,2.78,clear sky
706,Homer,US,59.6425,-151.5483,16.71,61,100,3.58,overcast clouds
